name,closedday,address,codepostal,ville
Le Havane,Dimanche,102 R. MONTORGUEIL,75002,PARIS
LE WEEK END,Dimanche,59 R. DE TURBIGO,75003,PARIS
Le Troquet du Temple,Dimanche,9 R. DU TEMPLE,75004,PARIS
Tabac des Vosges,Lundi,25 R. DE TURENNES,75004,PARIS
Tabac Alfa,Dimanche,40 R. MONGE,75005,PARIS
Le Monge,Lundi,77 R. MONGE,75005,PARIS
Tabac Saint-Michel,,22 R. SAINT-ANDR? DES ARTS,75006,PARIS
Cherche Midi Presse,,50-52 R. DU CHERCHE-MIDI,75006,PARIS
L'Express,Dimanche,2 R. DU PDT ROBERT LAKOTA,91270,VIGNEUX-SUR-SEINE
le Longchamps,Dimanche,88 AV. ARISTIDE BRIAND,91420,MORANGIS
Le Cl¨¦menceau,Dimanche,276 AV. GEORGES CL?MENCEAU,92000,NANTERRE
Le Silly,Dimanche,143 R. DE SILLY,92100,BOULOGNE-BILLANCOURT
Le Lutecia,,27 AV. JEAN BAPTISTE CL?MENT,92100,BOULOGNE-BILLANCOURT
Le Bleu,Dimanche,22 R. DENFERT-ROCHEREAU,92100,BOULOGNE-BILLANCOURT
Au Ptit Creux Gourma,,11 R. GEORGES SEURAT,92110,CLICHY
Le Reilhac,Mardi,63 R. DU FBG SAINT-DENIS,75010,PARIS
Le Gallia,Dimanche,39 R. SAINT-AMBROISE,75011,PARIS
L'Harmonie,Dimanche,16 R. DU FAUBOURG DU TEMPLE,75011,PARIS
Le Marceau,Dimanche,111 AV. LEDRU ROLLIN,75011,PARIS
L'?toile D'Or,Dimanche,22 R. DE L'?TOILE,93000,BOBIGNY
Civette Rosny 2,Dimanche,2 AV. DU GAL DE GAULLE C.CIAL R2,93110,ROSNY-SOUS-BOIS
La Tabati¨¨re,Dimanche,31 R. PHILIBERT HOFFMANN,93110,ROSNY-SOUS-BOIS
L'Impr¨¦vu,Dimanche,1 AV. PAUL VAILLANT COUTURIER,93120,LA COURNEUVE
Brasserie 6 Routes,Dimanche,1 R. SAINT-DENIS,93120,LA COURNEUVE
Tabac du Centre,Dimanche,64 R. JULES GUESDE,93140,BONDY
Maison de la Presse,Dimanche,33BIS AV. HENRI BARBUSSE,93150,LE BLANC-MESNIL
Le Globe,Lundi,27 AV. PIERRE ET MARIE CURIE,93150,LE BLANC-MESNIL
Cherbourg Presse,Dimanche,47 AV. DE STALINGRAD,93170,BAGNOLET
La Civette de Chanzy,Dimanche,4 BD. DE CHANZY,93190,LIVRY-GARGAN
L'Ariel,Dimanche,242 R. DE TOLBIAC,75013,PARIS
Tabac Ana?s,Dimanche,12 BD  VINCENT AURIOL,75013,PARIS
Tabac  Arago,Dimanche,53 BD ARAGO,75013,PARIS
TABAC LE MARIJAN,Dimanche,20 BD ARAGO,75013,PARIS
Le Rallye,Dimanche,64 R. DE TOLBIAC,75013,PARIS
Caf¨¦ le Renoir,Dimanche,207 R. RAYMOND LOSSERAND,75014,PARIS
Tabac Edgar Quinet,,36 R. DELAMBRE,75014,PARIS
Le Flash,Dimanche,47 R. BOULARD,75014,PARIS
Tabac l'Observatoire,Dimanche,166 BD DU MONTPARNASSE,75014,PARIS
Tabac du D?me,,108 BD DU MONTPARNASSE,75014,PARIS
Tabac de la Tour,Dimanche,33 AV. DU MAINE,75015,PARIS
le Balard en avant,,129 R. DE VAUGIRARD,75015,PARIS
La Gitane,,47 BD. DE GRENELLE,75015,PARIS
L'Ariel,Dimanche,197 R. LECOURBE,75015,PARIS
Le Brazza,Dimanche,294 - 296 R. DE VAUGIRARD,75015,PARIS
Press'tation,Dimanche,45BIS R. DE VOUILL?,75015,PARIS
Le Lamartine,,178 AV. VICTOR HUGO,75016,PARIS
Le Mozart,Dimanche,108 AV. MOZART,75016,PARIS
Le Drugstore,Dimanche,112 R. LAURISTON,75016,PARIS
Le Celtique,Dimanche,33 R.  VILLENEUVE,92110,CLICHY
Le Chiquito,Dimanche,128 BD JEAN JAUR?S,92110,CLICHY
LA DIVETTE,Dimanche,63 AV. ARISTIDE BRIAND,92120,MONTROUGE
Le Narval,Dimanche,72 R. PAUL VAILLANT-COUTURIER,92140,CLAMART
Le Victor Hugo,Dimanche,175 AV. VICTOR HUGO,92140,CLAMART
Le Chiquito,Dimanche,5 R. DES BAS ROGERS,92150,SURESNES
Le Valerien,,1 R. DE LA POTERIE,92150,SURESNES
Le Rond Point,Dimanche,39 AV. ?DOUARD VAILLANT,92150,SURESNES
Le Maine-Anjou,Dimanche,4 R. JEAN JAUR?S,92170,VANVES
Le Brazza,Dimanche,6 R. DU CH?TEAU,92200,NEUILLY-SUR-SEINE
Tabac - Presse,Dimanche,43 AV. HENRI BARBUSSE,92220,BAGNEUX
La Renaissance,,188 R. ORDENER,75018,PARIS
La Pte de Chaumont,Dimanche,84 R. MANIN,75019,PARIS
Le Narval,Dimanche,100 BD. DE LA VILLETTE,75019,PARIS
Le Bergerac,Mardi,178 AV. JEAN JAUR?S,75019,PARIS
Angkor,Jeudi,98 R. D'AUBERVILLIERS,75019,PARIS
La Lorraine,Mercredi,127 AV. JEAN JAURES,75019,PARIS
Le Marigny,,1 AV. LAUMI?RE,75019,PARIS
Le Rendez Vous,Dimanche,10 BD DE LA VILLETTE,75019,PARIS
L'Aubisque,Lundi,113 R. DES PYR?N?ES,75020,PARIS
Le Saint-Germain,Dimanche,120 R. DE BAGNOLET,75020,PARIS
Tabac Alexandre,Dimanche,8 R. HENRI DUVERNOIS,75020,PARIS
La Civette Davout,Dimanche,108 BD DAVOUT,75020,PARIS
Le Cornillon,Dimanche,15 R. CORNILLON,77100,MEAUX
l'Harmonie,Lundi,1  AV. DES PYRAMIDES C.CIAL CARR,77420,CHAMPS-SUR-MARNE
Tabac de la Gare,Mercredi,2 AV. DU MAR?CHAL FOCH,77500,CHELLES
Librairie des Indes,Dimanche,CCIAL CARREFOUR - 6 PLACE STENDHAL,78500,SARTROUVILLE
Librairie des Coteau,Dimanche,10 R. DU DR ROUX,91160,LONGJUMEAU
Le Rothenburg,Dimanche,44256 PL. DE ROTHENBURG,91200,ATHIS-MONS
Tabac de la Mairie,Lundi,2 PL. DE L'EGLISE,91200,ATHIS-MONS
Le Jean Bart,,155 AV. DE MORANGIS,91200,ATHIS-MONS
Le Noyer Renard,Dimanche,1 R. DES FROIDES BOUILLIES,91200,ATHIS-MONS
Le Fontenoy,Dimanche,34 AV. FRAN?OIS MITTERRAND,91200,ATHIS-MONS
L'Express,Dimanche,2 R. DU PDT ROBERT LAKOTA,91270,VIGNEUX-SUR-SEINE
le Longchamps,Dimanche,88 AV. ARISTIDE BRIAND,91420,MORANGIS
Le Cl¨¦menceau,Dimanche,276 AV. GEORGES CL?MENCEAU,92000,NANTERRE
Le Silly,Dimanche,143 R. DE SILLY,92100,BOULOGNE-BILLANCOURT
Le Lutecia,,27 AV. JEAN BAPTISTE CL?MENT,92100,BOULOGNE-BILLANCOURT
Le Bleu,Dimanche,22 R. DENFERT-ROCHEREAU,92100,BOULOGNE-BILLANCOURT
Au Ptit Creux Gourma,,11 R. GEORGES SEURAT,92110,CLICHY
Tabac Le Ribera,Dimanche,66 R. JEAN DE LA FONTAINE,75016,PARIS
Le Royal Exelmans,Dimanche,171 AV. DE VERSAILLES,75016,PARIS
Tabac de la Tour,,51 R. DE LA TOUR,75016,PARIS
La Favorite,Dimanche,39 R. DE PASSY,75016,PARIS
Tabac des Mus¨¦es,Dimanche,7 AV. PIERRE 1ER DE SERBIE,75016,PARIS
Royal Clichy,Dimanche,73 AV. DE CLICHY,75017,PARIS
Tabac des Ternes,Dimanche,108 AV. DES TERNES,75017,PARIS
Le Rallye,,29 BD. BROCHANT,75017,PARIS
La Civette des Arts,Dimanche,62 R. DAMR?MONT,75018,PARIS
Le Morzine,Lundi,63 R. DOUDEAUVILLE,75018,PARIS
Le Flash,,25 BD  ORNANO,75018,PARIS
Le Bretagne,Dimanche,2 R. DE LA R?PUBLIQUE,92220,BAGNEUX
Tabac du March¨¦,Lundi,2 R. VOLTAIRE,92250,LA GARENNE-COLOMBES
Le Louis XV,Samedi,31BIS R. DES BOURGUIGNONS,92270,BOIS COLOMBES
Le Jean Bart,Dimanche,11 R. D'ESTIENNE D'ORVES,92270,BOIS-COLOMBES
L'Ariel,Dimanche,62 R. BAUDIN,92300,LEVALLOIS-PERRET
Le Narval,Dimanche,120 R. ANATOLE FRANCE,92300,LEVALLOIS-PERRET
Au Fil des Jours,Dimanche,102 AV. DE PARIS,92320,CH?TILLON
Caf¨¦ des Sports,Mercredi,70 AV. GALOIS,92340,BOURG-LA-REINE
Le Muguet,Dimanche,1494 AV. ROGER SALENGRO,92370,CHAVILLE
Les Mar¨¦chaux,Dimanche,2 AV. JOFFRE,92380,GARCHES
La Tabati¨¨re,Dimanche,70 R. DE BEZONS,92400,COURBEVOIE
L'Atmosph¨¨re,Dimanche,5 R. DE L'ABREUVOIR,92400,COURBEVOIE
Tabac Becon,Dimanche,11 AV. DE LA LIBERT?,92400,COURBEVOIE
Le Chiquito,Dimanche,3 R. DE COLOMBES,92400,COURBEVOIE
Havannah Stock,Dimanche,3 R. BAUDIN  C.CIAL CHARAS,92400,COURBEVOIE
Le Marigny,Jeudi,92 R. DANTON,92500,RUEIL-MALMAISON
Tabac Jubill¨¦ 3,Dimanche,46 R. GALLIENI,92500,RUEIL-MALMAISON
Le Napol¨¦on 1er,Dimanche,115 AV. ALBERT 1ER,92500,RUEIL-MALMAISON
Le Rapide,Dimanche,31 R. D'ANJOU,92600,ASNI?RES-SUR-SEINE
Le Cyrano,,110 R. DES BOURGUIGNONS,92600,ASNI?RES-SUR-SEINE
Tabac des Victoires,Dimanche,1 PL. DES VICTOIRES,92600,ASNI?RES-SUR-SEINE
Le R¨¦nitas,Dimanche,102 AV. D'ARGENTEUIL,92600,ASNI?RES-SUR-SEINE
Aux Champarons,Dimanche,44 AV DE STALINGRAD,92700,COLOMBES
Le Diplomate,Dimanche,117 R. JEAN JAUR?S,92800,PUTEAUX
Tabac de la Gare,Dimanche,1 R. FERNAND PELLOUTIER,92800,PUTEAUX
L'?toile D'Or,Dimanche,22 R. DE L'?TOILE,93000,BOBIGNY
Civette Rosny 2,Dimanche,2 AV. DU GAL DE GAULLE C.CIAL R2,93110,ROSNY-SOUS-BOIS
La Tabati¨¨re,Dimanche,31 R. PHILIBERT HOFFMANN,93110,ROSNY-SOUS-BOIS
L'Impr¨¦vu,Dimanche,1 AV. PAUL VAILLANT COUTURIER,93120,LA COURNEUVE
Brasserie 6 Routes,Dimanche,1 R. SAINT-DENIS,93120,LA COURNEUVE
Tabac du Centre,Dimanche,64 R. JULES GUESDE,93140,BONDY
Maison de la Presse,Dimanche,33BIS AV. HENRI BARBUSSE,93150,LE BLANC-MESNIL
Le Globe,Lundi,27 AV. PIERRE ET MARIE CURIE,93150,LE BLANC-MESNIL
Cherbourg Presse,Dimanche,47 AV. DE STALINGRAD,93170,BAGNOLET
La Civette de Chanzy,Dimanche,4 BD. DE CHANZY,93190,LIVRY-GARGAN
Le M¨¦tropole,Dimanche,32 R. DE LA R?PUBLIQUE,93200,SAINT-DENIS
Le Tabac du Barrage,Dimanche,149 R. GABRIEL P?RI,93200,SAINT-DENIS
Le Balto,Dimanche,44 BD. JULES GUESDE,93200,SAINT-DENIS
La Mont Joie,Dimanche,171 AV. DU PDT WILSON,93210,LA PLAINE-SAINT-DENIS
Le Chavannes,Jeudi,162 ALL. DE MONTFERMEIL,93220,GAGNY
LE ROYAL FV,Dimanche,76 R. JEAN JAUR?S,93240,STAINS
Tabac de la Mairie,Dimanche,20 R. DU MOUTIER,93300,AUBERVILLIERS
Tabac Presse,,120 R. H?L?NE COCHENNEC,93300,AUBERVILLIERS
Tabac d' Hugo,Dimanche,2 AV. VICTOR HUGO,93320,LES PAVILLONS-SOUS-BOIS
Lib. du Val de Marne,,70 R. DU 11 NOVEMBRE,93330,NEUILLY-SUR-MARNE
Le Ninos,Dimanche,203 AV. ELIS?E RECLUS,93380,PIERREFITTE-SUR-SEINE
Tabac les Rosiers,Dimanche,56 R. DES ROSIERS,93400,SAINT-OUEN
Le Landy,,1 BD JEAN JAUR?S,93400,SAINT-OUEN
Le D?me,Dimanche,1 R. ALBERT DHALENNE,93400,SAINT-OUEN
Villa Picta,Dimanche,4 AV. DU PARC DE LA NOUE,93420,VILLEPINTE
Le Flash,Mardi,3 R. STE MARGUERITE,93500,PANTIN
Tabac Kas,Dimanche,CCIAL PARINOR-LE HAUT DE GALLY,93600,AULNAY-SOUS-BOIS
Librairie Fontaine,Dimanche,14 R. ARTHUR FONTAINE,93700,DRANCY
Presse Avenir,Dimanche,60 R. ST-STENAY - CCIAL AVENIR,93700,DRANCY
Le Cygne d'Enghien,Lundi,132 AV. JOFFRE,93800,?PINAY-SUR-SEINE
Maison Campana,Dimanche,1 R. DE MESLY - CCIAL,94000,CR?TEIL
La Civette,Dimanche,107 AV. DU G?N. DE GAULLE,94000,CR?TEIL
Tabac Le Village,Lundi,3 R. PAUL-FRAN?OIS AVET,94000,CR?TEIL
Le Kennedy,Dimanche,90 R. GARIBALDI,94100,SAINT-MAUR-DES-FOSS?S
LE DIPLOMATE,,2 PL. JACQUES TATI,94100,SAINT-MAUR-DES-FOSS?S
Le Chaperon Vert,Jeudi,14 AV. DU CHAPERON VERT,94110,ARCUEIL
Le Brazza,Dimanche,123 AV. ARISTIDE BRIAND,94110,ARCUEIL
Tabac de la Mairie,Lundi,175 R. PAUL VAILLANT COUTURIER,94140,ALFORTVILLE
Les Incorruptibles,Dimanche,102 AV. DU G?N?RAL DE GAULLE,94160,SAINT-MAND?
Tabac de La Gare,Mercredi,6 PL. ROBERT BELVAUX,94170,LE PERREUX-SUR-MARNE
Tabac de la Gare,Dimanche,81 BD DE BRANDEBOURG,94200,IVRY-SUR-SEINE
le Vieux Moulin,,75 R. MAURICE THOREZ,94200,IVRY-SUR-SEINE
Librairie Peupleraie,Dimanche,44 BD PASTEUR,94260,FRESNES
La Cerisaie,Jeudi,5 ALL. DES FLEURS,94260,FRESNES
Tabac La Plume Verte,Dimanche,25 AV. CHARLES GIDE,94270,LE KREMLIN-BIC?TRE
Love Tabac,Dimanche,0 CCIAL  BELLE ?PINE,94320,THIAIS
Le Rocher Fleuri,Dimanche,52 AV. DU G?N?RAL GALLI?NI,94340,JOINVILLE-LE-PONT
Le Libert¨¦,Dimanche,9 PL. DES LIBERT?S,94380,BONNEUIL-SUR-MARNE
Bonn' News,Dimanche,3 AV. DU BICENTENAIRE,94380,BONNEUIL-SUR-MARNE
Maxi Tabac,Dimanche,17BIS AV. MAXIMILIEN ROBESPIERRE,94400,VITRY-SUR-SEINE
Le Totem,Dimanche,63 AV. PAUL VAILLANT COUTURIER,94400,VITRY-SUR-SEINE
Papeterie - Presse,Lundi,131 BD STALINGRAD,94400,VITRY-SUR-SEINE
Victoria,Dimanche,106 AV. ANATOLE FRANCE,94400,VITRY-SUR-SEINE
Le Val Pompadour,Dimanche,70 AV. HENRI BARBUSSE,94460,VALENTON
Le Balto,Dimanche,190 BD. DE STALINGRAD,94500,CHAMPIGNY-SUR-MARNE
Tabac de la Tour,Dimanche,15 R. DE LA TOUR,94550,CHEVILLY-LARUE
Le Stalingrad,Dimanche,58 BD DE STALINGRAD,94600,CHOISY-LE-ROI
Le Cl¨¦menceau,,36 R. GEORGES CL?MENCEAU,94600,CHOISY-LE-ROI
Civette des Gondoles,Dimanche,64 AV. VICTOR HUGO,94600,CHOISY-LE-ROI
Au Presse Papier,Dimanche,202 R. JEAN JAUR?S,94700,MAISONS-ALFORT
Le Chiquito,Dimanche,61 AV. DU G?N. DE GAULLE,94700,MAISONS-ALFORT
Le Rallye,Lundi,77 R. JEAN JAUR?S,94800,VILLEJUIF
Le Bistrot,Dimanche,34 AV. DU MAR. FOCH,95100,ARGENTEUIL
La Tabati¨¨re,Jeudi,156 AV. JEAN JAUR?S,95100,ARGENTEUIL
Le Brelan,Dimanche,2 BD LEON FEIX,95100,ARGENTEUIL
La Tabati¨¨re,Dimanche,4 PL. DE LA LIB?RATION,95200,SARCELLES
Mag Presse,Dimanche,41 R. DE SARTROUVILLE,95870,BEZONS
Tabac de la Reynie,Dimanche,26 R. DE LA REYNIE,75001,PARIS
Le Corona,Dimanche,30 Q. DU LOUVRE,75001,PARIS
Vanita Caf¨¦,Dimanche,66 R. MONTMARTRE,75002,PARIS
Le Brelan,Dimanche,58 R. BEAUBOURG,75003,PARIS
le Saint-louis,Dimanche,37 R. DES DEUX PONTS,75004,PARIS
Le Tabac de Rivoli,Dimanche,44 R. DE RIVOLI,75004,PARIS
La Corona,Dimanche,21 BD SAINT-MICHEL,75005,PARIS
Le Saint Mand¨¦,Dimanche,41-43 R. LINN?,75005,PARIS
Le Bac Saint-Michel,Dimanche,97 BD SAINT-MICHEL,75005,PARIS
Caf¨¦ Le Dauphine,Dimanche,17 R. DAUPHINE,75006,PARIS
Tabac-Presse-Loto,Dimanche,78 R. DE SEINE,75006,PARIS
Tabac des Minist¨¨res,Dimanche,45 R. VANEAU,75007,PARIS
L'instant Partag¨¦,,52 BIS R. DES MARTYRS,75009,PARIS
La Royale,Dimanche,165 R. DU FBG. POISSONNI?RE,75009,PARIS
Tabac de Pigalle,Dimanche,34 R. LA BRUY?RE,75009,PARIS
La Bouffarde Op¨¦ra,Dimanche,32 R. CAUMARTIN,75009,PARIS
La Consigne,Dimanche,10 R. DU 8 MAI 1945,75010,PARIS
Le Jean Bart,Dimanche,129 R. DU FAUBOURG DU TEMPLE,75010,PARIS
Le Balto,Dimanche,125 BD. DE MAGENTA,75010,PARIS
La Cave ¨¤ Cigares,Dimanche,4 BD. DE DENAIN,75010,PARIS
Tabac de l'Est,,72 BD DE STRASBOURG,75010,PARIS
Le Coq D'Or,Dimanche,88 R. DU FAUBOURG-SAINT-MARTIN,75010,PARIS
Le Voltaire,Dimanche,130 BD. VOLTAIRE,75011,PARIS
Le Lutecia,Dimanche,36 R. OBERKAMPF,75011,PARIS
L'Amicale,Dimanche,9 R. DES TROIS BORNES,75011,PARIS
La Petite Etincelle,Dimanche,38 BD. BEAUMARCHAIS,75011,PARIS
Caf¨¦ Tabac Le Flach,Dimanche,64 BD. VOLTAIRE,75011,PARIS
Le Jean Bart,Dimanche,17 R. P?TION,75011,PARIS
Le Royal Tabac,Dimanche,58 AV. LEDRU ROLLIN,75012,PARIS
Caf¨¦ de la Seine,Dimanche,21 AV. LEDRU-ROLLIN,75012,PARIS
Le St-Mand¨¦,Dimanche,82 AV. DE ST MAND?,75012,PARIS
Le Virginie,Dimanche,1 R. DE REUILLY,75012,PARIS
Le Narval,Dimanche,247 R. DE CHARENTON,75012,PARIS
Le Disque Bleu,Dimanche,23 R. DE WATTIGNIES,75012,PARIS
Le Dugommier,Dimanche,240 R. DU CHARENTON,75012,PARIS
Le Totem,Dimanche,96 BD . DIDEROT,75012,PARIS
Le Gavroche,Dimanche,49 BD. DE REUILLY,75012,PARIS
Le Triple 8,Dimanche,157 R. DE CHARENTON,75012,PARIS
Les Arcades,Dimanche,68 AV. DAUMESNIL,75012,PARIS
La Terrasse,Dimanche,1 PL. LACHAMBEAUDIE,75012,PARIS
Tabac de Choisy,Dimanche,47 AV. DE CHOISY,75013,PARIS
La Page Massena,Dimanche,96 BD MASSENA,75013,PARIS
Tabac Tolbiac,Dimanche,34 R. DE TOLBIAC,75013,PARIS
Le Caf¨¦ Noisette,Dimanche,93 R. PASCAL,75013,PARIS
Maison de la Presse,Dimanche,137 BD AUGUSTE BLANQUI,75013,PARIS
Tabac Store 65,Dimanche,65 BD KELLERMANN,75013,PARIS
Le Longchamps,Dimanche,21 R. DE LA BUTTE AUX CAILLES,75013,PARIS
Tabac Presse Loto,Dimanche,10 PL. PINEL,75013,PARIS
Le Tabarium,Dimanche,27 AV. DES GOBELINS,75013,PARIS
Couleur Tabac,,2 R. R?MY DUMONCEL,75014,PARIS
Le bardinet,,179 R. D' AL?SIA,75014,PARIS
La Bouffarde,Dimanche,177 BD BRUNE,75014,PARIS
Tabac des Catacombes,Dimanche,41 AV. DU G?N. LECLERC,75014,PARIS
Le Rallye,Dimanche,29 R. CAMBRONNE,75015,PARIS
Le Disque Bleu,Dimanche,60 R. DU TH??TRE,75015,PARIS
Le Lut¨¨ce,Dimanche,380 R. DE VAUGIRARD,75015,PARIS
Les Aviateurs,Dimanche,37 BD VICTOR,75015,PARIS
Le Wilson,,75 R. LABROUSTE,75015,PARIS
Le Chiquito,Dimanche,112 R. ST-CHARLES,75015,PARIS
Tabac de New Nesles,Dimanche,114 R. DE S?VRES,75015,PARIS
Le P'ti Bistrot,Dimanche,62 R. SAINT-LAMBERT,75015,PARIS
Le Balto,Dimanche,63 AV. DE LA GRANDE ARM?E,75016,PARIS
La Civette d'Auteuil,Dimanche,37 R. CHANEZ,75016,PARIS
Kennedy Eiffel,,16 AV. DU PDT KENNEDY,75016,PARIS
Moulin d' Auteuill,Dimanche,75 R. D'AUTEUIL,75016,PARIS
Le Lutetia,,161 R. LEGENDRE,75017,PARIS
Cit¨¦ de la Presse,Dimanche,29 R. TRISTAN TZARA,75018,PARIS
Le Terminus,,4 PL. FROMENT,75018,PARIS
La Divette de Clichy,,18 AV. DE CLICHY,75018,PARIS
C¨¦page Montmartrois,Dimanche,65 R. CAULAINCOURT,75018,PARIS
Le Clignancourt,Vendredi,79 BD ORNANO,75018,PARIS
Le Reinitas,Dimanche,18 R. DU POTEAU,75018,PARIS
Le Marigny,Dimanche,76 AV. DE FLANDRE,75019,PARIS
Le Concorde,Dimanche,146 AV. JEAN JAUR?S,75019,PARIS
Tabac La Gitane,Dimanche,3 R. LASSUS,75019,PARIS
Civette T¨¦l¨¨graphe,Dimanche,1 R. DE ROMAINVILLE,75019,PARIS
TabacPtedesLilas,Dimanche,306 R. DE BELLEVILLE,75020,PARIS
Le Cantal,Dimanche,20 R. DEVERIA,75020,PARIS
Le Saint-Fargeau,Dimanche,108 AV.GAMBETTA,75020,PARIS
L¡®obelisque,Dimanche,45 R. SAINT-BLAISE,75020,PARIS
Tabac du Clos,Dimanche,5 PL. DE LA MOGOTTE,77200,TORCY
TABAC DE LA GARE,Dimanche,2 PL. AURIBAULT,77340,PONTAULT-COMBAULT
Le Cl¨¦menceau,,4 QUAI GEORGES CL?MENCEAU,78380,BOUGIVAL
La Civette du Val,Dimanche,100 AV. GEORGES CLEMENCEAU,78500,SARTROUVILLE
Tabac des Blanches,,33 BD HENRI BARBUSSE,78800,HOUILLES
Le Monaco,Dimanche,52-54 R. DE PDT FRAN?OIS MITTERAND,91160,LONGJUMEAU
Le Mozart,Dimanche,105 AV. DU 18 AVRIL,91200,ATHIS-MONS
Le Balto,Mardi,28 GRANDE RUE,91260,JUVISY-SUR-ORGE
Horizon 3000,,1 AV DE L EUROPE -  CCIAL CORA,91300,MASSY
Civette,,18 BIS BD MAR?CHAL JUIN,91370,VERRI?RES-LE-BUISSON
Le Calumet,Dimanche,36 AV. MAZARIN C.C.DE BEL ABORD,91380,CHILLY-MAZARIN
Tabac - Presse,Dimanche,1 PL. DE LA LIB?RATION -C.CIAL,91380,CHILLY-MAZARIN
Librairie,Dimanche,3 PL. HENRI BARBUSSE,91550,PARAY-VIEILLE-POSTE
Le Chiquito,Dimanche,104 R. DE BILLANCOURT,92100,BOULOGNE-BILLANCOURT
Le Royal Tabac,Dimanche,99 AV. EDOUARD VAILLANT,92100,BOULOGNE-BILLANCOURT
Le Balto,Dimanche,82 R. DU CH?TEAU,92100,BOULOGNE-BILLANCOURT
Tabac - Presse,Dimanche,54 R. MARCEL BONTEMPS,92100,BOULOGNE-BILLANCOURT
Le Maryland,Dimanche,7 BD JEAN JAUR?S,92110,CLICHY
Le Breizh,Dimanche,8 R. GEORGES BOISSEAU,92110,CLICHY
Tabac R¨¦publique,Dimanche,59 BD DU GAL LECLERC,92110,CLICHY
Tabac Le Verdon,Dimanche,127 BIS AV. VERDIER,92120,MONTROUGE
LA ROND POINT,,18 PL. JEAN JAURES,92120,MONTROUGE
Tabac - Presse,Dimanche,76 R. CAMILLE DESMOULINS,92130,ISSY-LES-MOULINEAUX
Hall de Presse,Dimanche,1 R. AUGUSTE GERVAIS,92130,ISSY-LES-MOULINEAUX
Au D¨¦part,Dimanche,251 AV JEAN JAUR?S,92140,CLAMART
Le Temps de Lire,Dimanche,9 ROUTE DU PAV? BLANC,92140,CLAMART
Le Maryland,Lundi,62 AV. JEAN JAUR?S,92140,CLAMART
Mag Presse,Dimanche,116 BD DE LATTRE DE TASSIGNY,92150,SURESNES
Le Charles X,Mercredi,100 R. DE LA LIBERT?,92150,SURESNES
Le Calumet,Dimanche,37 AV. JEAN JAUR?S,92150,SURESNES
Tabac - Presse,Dimanche,71 AV. ARISTIDE BRIAND,92160,ANTONY
Tabac de la Gare,Dimanche,22 AV. JACQUES JEZEQUEL,92170,VANVES
Caf¨¦ de la Gare,Dimanche,19 R. BANES,92190,MEUDON
A Rabelais,Dimanche,32 R. DE LA R?PUBLIQUE,92190,MEUDON
Le Maryland,Samedi,23 R. DE VILLIERS,92200,NEUILLY-SUR-SEINE
La Royale,Dimanche,91 R. PERRONET,92200,NEUILLY-SUR-SEINE
Le Nouveau Paris,Dimanche,204 BD BINEAU,92200,NEUILLY-SUR-SEINE
Kiosque de la Mairie,Dimanche,133 AV. ACHILLE PERETTI,92200,NEUILLY-SUR-SEINE
Le Paris Rome,Lundi,11BIS AV. LOUIS PASTEUR,92220,BAGNEUX
Le Mozart,,11 BIS R. MOZART,92230,GENNEVILLIERS
Le Tom Tip,Dimanche,127 R. PAUL VAILLANT-COUTURIER,92240,MALAKOFF
Le Gambetta,,14 R. GAMBETTA,92240,MALAKOFF
Hotel de Ville Caf¨¦,Dimanche,12 RD-PT DU SOUVENIR FRAN?AIS,92250,LA GARENNE-COLOMBES
Le Cyrano,Dimanche,6 PL. DE LA GARE DES VALL?ES,92250,LA GARENNE-COLOMBES
Tabac Ecole Centrale,Dimanche,44256 AV. DE LA DIVISION LECLERC,92290,CH?TENAY-MALABRY
Le Voltaire,Dimanche,1 PL. VOLTAIRE,92290,CH?TENAY-MALABRY
Le Tom Tip,Samedi,117 R. VICTOR HUGO,92300,LEVALLOIS-PERRET
Le Tabac de l'Ouest,Dimanche,43 R. D'ALSACE,92300,LEVALLOIS-PERRET
Le Rallye Villiers,Dimanche,3 PL. DE LA LIB?RATION,92300,LEVALLOIS-PERRET
Le caf¨¦ des Sports,,34 R. RIVAY,92300,LEVALLOIS-PERRET
Le Presse Book,Lundi,12 R. TR?BOIS,92300,LEVALLOIS-PERRET
Caf¨¦ de la Mairie,Dimanche,1 R. DE LA GARE,92320,CH?TILLON
Civette du Centre,,4 R. JEAN-PIERRE TIMBAUD,92320,CH?TILLON
Stardust,,151 R. HOUDAN,92330,SCEAUX
Le Celtique,Lundi,5 R. DU TOUR DE L'?TANG,92350,LE PLESSIS-ROBINSON
Tabac du March¨¦,Mercredi,10 AV. DE LA LIB?RATION,92350,LE PLESSIS-ROBINSON
Tabac du Parc,,19 AV. DU MAR?CHAL LECLERC,92360,MEUDON-LA-FOR?T
Le Chiquito,Dimanche,16 BD DE FINLANDE,92700,COLOMBES
L'Euphrate,Dimanche,34 BD EDGAR QUINET,92700,COLOMBES
Le Totem,Dimanche,81 AV DU G?N. DE GAULLE,92800,PUTEAUX
Tabac Presse Boutout,Dimanche,7 PL. DES NATIONS UNIES,93000,BOBIGNY
La Source,Dimanche,7 R. DE PARIS,93000,BOBIGNY
Caf¨¦ Tabac le Jaur¨¨s,Dimanche,203 AV. JEAN JAUR?S,93000,BOBIGNY
Tabac-Presse,Dimanche,35 BD. ARISTIDE BRIAND,93100,MONTREUIL
Tabac de la Cit¨¦,Lundi,221 BD TH?OPHILE SUEUR,93100,MONTREUIL
Le Saint-Laurent,,64 BD ROUGET DE L'ISLE,93100,MONTREUIL
Le Caf¨¦ de la Gare,Samedi,22 AV. DE LA R?PUBLIQUE,93110,ROSNY-SOUS-BOIS
Tabac des 4 Routes,Dimanche,52 AV. PAUL VAILLANT COUTURIER,93120,LA COURNEUVE
Le Celtic,Dimanche,1 R. ANATOLE FRANCE,93130,NOISY-LE-SEC
Tabac Suzanne,Dimanche,24 AV. SUZANNE BUISSON,93140,BONDY
Tabac des Tilleuls,Dimanche,22 R. MAURICE AUDIN,93150,LE BLANC-MESNIL
Le Brazza,Dimanche,140 R. PIERRE BROSSOLETTE,93160,NOISY-LE-GRAND
Le Bus,Dimanche,40 AV. DU G?N?RAL DE GAULLE,93170,BAGNOLET
Tabac-Presse,Dimanche,2 R. GASTON PHILIPPE,93200,SAINT-DENIS
Au Maryland,Mercredi,34 R. GABRIEL P?RI,93200,SAINT-DENIS
Librairie NGUYEN,Mercredi,/ AV. L?NINE CC GAGARINE,93230,ROMAINVILLE
Le Carnot,Dimanche,1 AV. DE VERDUN,93230,ROMAINVILLE
Le Totem,Dimanche,35 AV. PAUL VAILLANT COUTURIER,93240,STAINS
Le Calumet,Dimanche,76 R. DE PARIS,93260,LES LILAS
Le Royal,Lundi,40 BD DU G?N?RAL LECLERC,93260,LES LILAS
Rougemont Presse,Dimanche,2 R. PIERRE BROSSOLETTE,93270,SEVRAN
Au Tabac La Fourche,Dimanche,29 AV. ARISTIDE BRIAND,93320,LES PAVILLONS-SOUS-BOIS
Tabac de L'¨¦glise,Dimanche,132 AV. ARISTIDE BRIAND,93320,LES PAVILLONS-SOUS-BOIS
Le Longchamp,Dimanche,CCIAL LES FAUVETTES 1AV L?ON BLUM,93330,NEUILLY-SUR-MARNE
Bar Tabac l'Aviatic,Dimanche,30 AV. DE LA DIVISION LECLERC,93350,LE BOURGET
Le Grand Paris,Dimanche,13 BD. GALLIENI,93360,NEUILLY-PLAISANCE
Civette Des 7 Iles,Dimanche,186 AV. JEAN JAUR?S,93370,MONTFERMEIL
Le Fu¨¦go,Dimanche,80 AV. L?NINE,93380,PIERREFITTE-SUR-SEINE
L'?l¨¦gance,Jeudi,67 AV. GABRIEL P?RI,93400,SAINT-OUEN
Presse du Quartier,Dimanche,6 R. L?ON,93600,AULNAY-SOUS-BOIS
Tabac du March¨¦,Lundi,5 R. JACQUES DUCLOS,93600,AULNAY-SOUS-BOIS
Le Brazza,Dimanche,76  R. ROGER SALENGRO,93700,DRANCY
Le Balto,Lundi,229 AV. JEAN JAUR?S,93700,DRANCY
Totem,Dimanche,27 R. FALKIRK,94000,CR?TEIL
Le Royal Bleuet,Lundi,115 R. CH?RET,94000,CR?TEIL
Tabac du March¨¦,Dimanche,9 R. BOBILLOT,94100,SAINT-MAUR-DES-FOSS?S
Le Gambetta,Dimanche,1 PL. DE RIMINI,94100,SAINT-MAUR-DES-FOSS?S
Le Milton,Dimanche,25 AV. VLADIMIR ILITCH L?NINE,94110,ARCUEIL
Tabac Le Verdun,Jeudi,72 BD. DE VERDUN,94120,FONTENAY-SOUS-BOIS
Le Tabac du Chatelet,,8 R. SAINT DENIS,75001,PARIS
Le Vaillant,Dimanche,122 R. EDOUARD VAILLANT,94140,ALFORTVILLE
Et Cetera,Dimanche,10 R. DES HALLES,75001,PARIS
Le Tom Tip,Dimanche,48 R. ETIENNE DOLET,94140,ALFORTVILLE
Le Caf¨¦ Frapp¨¦,Dimanche,95 R. MONTMARTRE,75002,PARIS
Le Fortville,Lundi,106 R. V?RON,94140,ALFORTVILLE
La maison du Marais,,53 R. SAINT PAUL,75004,PARIS
Tabac de l¡®avenue,Dimanche,48 BD. DE LA LIBERT?,94170,LE PERREUX-SUR-MARNE
Tabac-Loto-Presse,Dimanche,26 R. DE RIVOLI,75004,PARIS
L'Etincelle,,82 BD PAUL VAILLANT COUTURIER,94200,IVRY-SUR-SEINE
Civette Bastille,Dimanche,4 R. DE LA BASTILLE,75004,PARIS
Le Diplomate,Dimanche,57 AV.DE LA R?PUBLIQUE,94260,FRESNES
Tabac St-Germain,Dimanche,54 BD SAINT-GERMAIN,75005,PARIS
Le Royal Marigny,Dimanche,26 AV. DE FONTAINEBLEAU,94270,LE KREMLIN-BIC?TRE
Les Oliviers,Dimanche,66 R. CLAUDE BERNARD,75005,PARIS
Le Marigny,Dimanche,65 R. DE FONTENAY,94300,VINCENNES
Le Calumet,Dimanche,30 R. NOTRE-DAME-DES-CHAMPS,75006,PARIS
Le Berry,Dimanche,64 BD DE LA LIB?RATION,94300,VINCENNES
La Civette Brea,,54 R. NOTRE DAME DES CHAMPS,75006,PARIS
Le St-Exup¨¦ry,Dimanche,1 VOIE DES SAULES,94310,ORLY
cave a cigares,Dimanche,23 AV.DE LA MOTTE PICQUET,75007,PARIS
Tabac de La Gare,Dimanche,7 PL. DU 8 MAI 1945,94310,ORLY
Tabac Eiffel,Dimanche,22 AV. DE LA BOURDONNAIS,75007,PARIS
Le Rallye,Dimanche,77 R. DU G?N?RAL DE GAULLE,94350,VILLIERS-SUR-MARNE
Le Castel,Dimanche,5 AV. DE SUFFREN,75007,PARIS
Totem,Dimanche,41 BD. GALLIENI,94360,BRY-SUR-MARNE
La boite ¨¤ cigare,,23 DE ROME,75008,PARIS
La Navette De Bry,Samedi,1 PL. DAGUERRE,94360,BRY-SUR-MARNE
La Civette Wagram,Dimanche,8 AV. DE WAGRAM,75008,PARIS
Le Fontenoy,Lundi,120 AV. ERNEST HAVET,94400,VITRY-SUR-SEINE
Tabac du Rocher,Dimanche,91 R. DU ROCHER,75008,PARIS
Le Reinitas,Dimanche,6 PL. PAUL FROMENT,94400,VITRY-SUR-SEINE
L' Espace Tabac,Dimanche,1 R. CLAPEYRON,75008,PARIS
Tabac de l'Empire,Dimanche,59 BD DE STALINGRAD,94400,VITRY-SUR-SEINE
L'Ariel,Dimanche,20 R. DES MARTYRS,75009,PARIS
Tabac Le France,Dimanche,33 AV. EVA SALMON,94400,VITRY-SUR-SEINE
Le Dunhill,Dimanche,38 R. DE ROCHECHOUART,75009,PARIS
Plessis Presse,Dimanche,38 AV. ARDOUIN,94420,LE PLESSIS-TR?VISE
Le Hollywood,Dimanche,19 R. DE CLICHY,75009,PARIS
Au Scribe,Lundi,18 R. ALBERT THOMAS,94500,CHAMPIGNY-SUR-MARNE
Le Cigarium,Dimanche,5 R. GODOT DE MAUROY,75009,PARIS
Tabac du Fort,Mardi,123 R. DU MONUMENT,94500,CHAMPIGNY-SUR-MARNE
Le Navy,Dimanche,26 R. DU CH?TEAU D'EAU,75010,PARIS
Aux livres Valentin,Dimanche,CCIAL 14 AV. DU MAR. MORTIER,94510,LA QUEUE-EN-BRIE
Vall¨¦e de Vinales,,262 R. DU FAUBOURG ST-MARTIN,75010,PARIS
Le Marigny,Dimanche,4 R. HENRI CRETTE,94550,CHEVILLY-LARUE
Paristar,Dimanche,88BIS AV. PARMENTIER,75011,PARIS
7¨¨me Avenue,Dimanche,60 AV. DE PARIS,94800,VILLEJUIF
Le Normandie,Dimanche,109 R. DE CHARONNE,75011,PARIS
Tabac - Presse,Dimanche,63 R. DU MOULIN DE SAQUET,94800,VILLEJUIF
Habanos,Dimanche,32 BD RICHARD-LENOIR,75011,PARIS
Le Disque Bleu,Dimanche,29 AV. PAUL VAILLANT-COUTURIER,94800,VILLEJUIF
Tabac Soult,Dimanche,76 BD. SOULT,75012,PARIS
Tabac du Vieux Pays,Dimanche,17 R. DE VERDUN,95140,GARGES-L?S-GONESSE
Le Bercy,Dimanche,6 R. CHAMBERTIN,75012,PARIS
Le Vizir,Dimanche,10 AV. DE LA DIVISION LECLERC,95170,DEUIL-LA-BARRE
La Civette Dor¨¦e,Dimanche,3 BD. SOULT,75012,PARIS
Le Celtique,Dimanche,23 R.DE LA GARE,95170,DEUIL-LA-BARRE
Tabac des Colonnes,Dimanche,6 COURS DE VINCENNES,75012,PARIS
Les Mortefontaines,Dimanche,63 AV. MATHIEU CHAZOTTE,95170,DEUIL-LA-BARRE
La Civette de Bercy,,4 PAS. SAINT-EMILION,75012,PARIS
Tabac du Puits,Dimanche,1 AV. DU 8 MAI 1945,95400,VILLIERS-LE-BEL
Tabac de Patay,,75 R. PATAY,75013,PARIS
Bl¨¦ Garni,Mercredi,127 AV. GABRIEL P?RI,95870,BEZONS
Tabac - Presse,Dimanche,156 R. DE TOLBIAC,75013,PARIS
Journaux - Presse,Dimanche,215 R. DE TOLBIAC,75013,PARIS
Maison de la Presse,Dimanche,7 R. ELSA MORANTE,75013,PARIS
La Bouffarde,Dimanche,124 R. DE TOLBIAC,75013,PARIS
Tabac - Presse,Dimanche,129 BD MASS?NA,75013,PARIS
Le Tabaclub,Dimanche,45 AV. D' ITALIE,75013,PARIS
LA TABACASE,,30 AV. D' ITALIE,75013,PARIS
Le Nagu¨¨re,Dimanche,66 R. DAGUERRE,75014,PARIS
La Civette d'Al¨¦sia,Dimanche,220 AV. DU MAINE,75014,PARIS
Tabac de la Mairie,Dimanche,165 AV. DU MAINE,75014,PARIS
Le Rallye,Dimanche,81 R. DE LA TOMBE ISSOIRE,75014,PARIS
Tabac Le Village,Lundi,70 R. DES ENTREPRENEURS,75015,PARIS
Les Volut¨¦s,,114 R. DE LA CONVENTION,75015,PARIS
L¡®Alliance,Dimanche,52-56 R. DE LA CROIX-NIVERT,75015,PARIS
Le Comptoir du Parc,Dimanche,20 R. CAUCHY,75015,PARIS
Le Diplomate,Dimanche,252 R. DE LA CONVENTION,75015,PARIS
Tabac de l'empire,,64 R. MICHEL ANGE,75016,PARIS
Tabac Franklin,,4 R. BENJAMIN FRANKLIN,75016,PARIS
Le Bouquet d'Auteuil,Dimanche,8 R. D'AUTEUIL,75016,PARIS
Mille et une Feuille,Dimanche,139 BIS AV. DE VERSAILLES,75016,PARIS
Tabac du D?me,Dimanche,24 R. LAURISTON,75016,PARIS
Le Carol¨¨ne,,56 R. BERZ?LIUS,75017,PARIS
Le Brazza,Lundi,53 R. DE TOCQUEVILLE,75017,PARIS
Tabac Le Tocqueville,Dimanche,55 BD. PEREIRE,75017,PARIS
le Boursault,,62 R. DES DAMES,75017,PARIS
Caf¨¦ Malesherbes,,192 BD. DE MALESHERBES,75017,PARIS
Le Maillot,Dimanche,78 AV. DE LA GRANDE ARM?E,75017,PARIS
Tabac Royal Moulin,,16 R. DE CLIGNANCOURT,75018,PARIS
Tabac La Com¨¨te,Dimanche,50 R. MARX DORMOY,75018,PARIS
Le Caf¨¦ du Quartie,,228 R. DE CHAMPIONNET,75018,PARIS
Le Celtic,Dimanche,104 AV. DE SAINT-OUEN,75018,PARIS
Tabac 68,Dimanche,68 R. DU POTEAU,75018,PARIS
Le Navigateur,Dimanche,103 AV. SIMON BOLIVAR,75019,PARIS
Village des F¨ºtes,Dimanche,15/17 R. HENRI RIBI?RE,75019,PARIS
Tabac des Petits C,Dimanche,43 R. DES PETITS-CHAMPS,75001,PARIS
Le Calumet,Dimanche,9 AV. SECR?TAN,75019,PARIS
La Tabati¨¨re,Dimanche,17 BD MONTMARTRE,75002,PARIS
Karr Presse,Dimanche,37 R. ALPHONSE KARR,75019,PARIS
Calumet des Halles,,47 R. MONTORGUEIL,75002,PARIS
Tabac L'Horloge,Dimanche,212 AV. JEAN JAUR?S,75019,PARIS
Le Losange,Dimanche,150 R. SAINT-DENIS,75002,PARIS
Le Saint-Claude,Dimanche,3 R. DE BAGNOLET,75020,PARIS
Le Progr¨¨s,Dimanche,1 R. DE BRETAGNE,75003,PARIS
Le Narval,Dimanche,235 R. DES PYR?N?ES,75020,PARIS
Tabac de la Sorbonne,Dimanche,7 PL. DE LA SORBONNE,75005,PARIS
Tabac Krys,Dimanche,54 R. DE BAGNOLET,75020,PARIS
Caf¨¦ Lilou,Dimanche,62 BD DU PORT ROYAL.,75005,PARIS
Au Balcon,Lundi,142 BD. DE M?NILMONTANT,75020,PARIS
Tabac de la Mutualit,Samedi,13 R. MONGE,75005,PARIS
Le Tierc¨¦,Dimanche,3 PL. AUGUSTE METIVIER,75020,PARIS
Presse - Tabac,Dimanche,9 R. DE BLAINVILLE,75005,PARIS
Tabac d'Eden,Dimanche,82 BD. DE BELLEVILLE,75020,PARIS
Le Week End,Dimanche,36 R. GAY LUSSAC,75005,PARIS
Le Baccara,Dimanche,66 R. DE BELLEVILLE,75020,PARIS
Coll¨¨ge de France,Dimanche,21 R. JEAN DE BEAUVAIS,75005,PARIS
Tabac le Vincennes,Dimanche,67 COURS DE VINCENNES,75020,PARIS
La Fontaine St Miche,Dimanche,3 BD SAINT-MICHEL,75005,PARIS
Le Vingti¨¨me,,82 R. BELGRAND,75020,PARIS
Civette Rennes,Dimanche,111 R. DE RENNES,75006,PARIS
Espace Tabac,Lundi,74 R. JEAN JAUR?S,77410,CLAYE-SOUILLY
Tabac de la Mairie,Dimanche,114 R. DE GRENELLE,75007,PARIS
Tabac des Arcades,Dimanche,163 R. DU PDT FRAN?OIS MITTERRAND,91160,LONGJUMEAU
Le Paris Duquesne,Dimanche,41 AV. DUQUESNE,75007,PARIS
Tabac le plaisance,,4 COURS  JOSEPH DEWALLE,91200,ATHIS-MONS
Tabac Bac St-Germain,Dimanche,66 R. DU BAC,75007,PARIS
Royal Massy,Mercredi,48 R. GABRIEL P?RI,91300,MASSY
Le Balto,,74 R. DE S?VRES,75007,PARIS
Tabac du Languedoc,Dimanche,6 R. D'ALGER,91300,MASSY
Saint Philippe Roule,,68 R. DE LA BO?TIE,75008,PARIS
Le Marigny,Dimanche,7 PL. LUCIEN BOILLEAU,91420,MORANGIS
Le Rocher St-Lazare,Dimanche,5 BIS R. DU ROCHER,75008,PARIS
L'Escale,Dimanche,111 AV. DE LA R?PUBLIQUE,91600,SAVIGNY-SUR-ORGE
Le Pot ¨¤ Tabac,Dimanche,28 R. DE LA P?PINI?RE,75008,PARIS
Tabac de la Gare,,3 PL.  DE LA GARE,91600,SAVIGNY-SUR-ORGE
Tabac Haussmann,,46 R. DE LABORDE,75008,PARIS
L¡®europ¨¦en,Dimanche,87 R. MAURICE THOREZ,92000,NANTERRE
Tabac le DERBY,,15 R. LA BO?TIE,75008,PARIS
Presse,Dimanche,2 ROND POINT RHIN ET DANUBE,92100,BOULOGNE-BILLANCOURT
Le Li¨¨ge,Dimanche,45 R. D'AMSTERDAM,75008,PARIS
Le Lut¨¦tia,Dimanche,127 BD JEAN JAUR?S,92100,BOULOGNE-BILLANCOURT
Le Vizir,Dimanche,42 R. LAFAYETTE,75009,PARIS
Du Point du Jour,,23 PL. MARCEL PAGNOL,92100,BOULOGNE-BILLANCOURT
L'Energie,Dimanche,65 R. DE MAUBEUGE,75009,PARIS
Le Disque Bleu,Dimanche,68 AV. HENRI GINOUX,92120,MONTROUGE
La Caravelle,Dimanche,14 R. D'AMSTERDAM,75009,PARIS
Caf¨¦ de l' Europe,,79/81 AV. PIERRE BROSSELETTE,92120,MONTROUGE
La Havane,,4 PL. DE CLICHY,75009,PARIS
Le Fumoir,Dimanche,4 PL. PAUL VAILLANT COUTURIER,92130,ISSY-LES-MOULINEAUX
Le St Maur,Dimanche,217 R. SAINT MAUR,75010,PARIS
Le Porte Plume,Dimanche,58 AV. VICTOR CRESSON,92130,ISSY-LES-MOULINEAUX
Le Royal Strasbourg,Dimanche,34 BD. DE STRASBOURG,75010,PARIS
Tabac du Th¨¦?tre,Dimanche,2 PL. DE STALINGRAD,92150,SURESNES
Le Lut¨¦tia,Dimanche,47 R. DE LA GRANGE AUX BELLES,75010,PARIS
Tabac de la Gare,Dimanche,2 R. MERLIN DE THIONVILLE,92150,SURESNES
La Barrique,Dimanche,7 R. BEAUREPAIRE,75010,PARIS
Seventeen,Dimanche,17BIS R. MARCEL ALLEGOT,92190,MEUDON
Madi's Sons,Dimanche,92 R. DE LA ROQUETTE,75011,PARIS
Civette de Neuilly,Dimanche,105 AV. CHARLES DE GAULLE,92200,NEUILLY-SUR-SEINE
Royale Civette,Dimanche,164 R. DE LA ROQUETTE,75011,PARIS
Kiosque ¨¤ Journaux,Dimanche,65 BD DE LA R?PUBLIQUE,92210,SAINT-CLOUD
Tabac Saint-Antoine,Dimanche,203 R. DU FAUBOURG SAINT-ANTOINE,75011,PARIS
Tabac de la Colline,Dimanche,37 R. D'ORL?ANS,92210,SAINT-CLOUD
Le Royal Parmentier,Dimanche,17 AV. PARMENTIER,75011,PARIS
Fontaine aux Roses,Dimanche,113 R. BOUCICAUT,92260,FONTENAY-AUX-ROSES
Le R¨¦sident,Dimanche,51 BD. SOULT,75012,PARIS
ALPHA,Dimanche,22 R. BOUCICAUT,92260,FONTENAY-AUX-ROSES
Tabac Dido,Dimanche,113 R. DE CHARENTON,75012,PARIS
Le Maryland,,139 R. VICTOR HUGO,92270,BOIS-COLOMBES
Le Naja,Dimanche,56 AV. DES GOBELINS,75013,PARIS
Le Pav¨¦ des Gardes,Lundi,38 ROUTE DU PAV? DES GARDES,92310,S?VRES
Korum-Caf¨¦,Dimanche,12 R. NEUVE TOLBIAC,75013,PARIS
Tabac - Presse,Dimanche,60 AV. DE PARIS,92320,CH?TILLON
Pourquoi Pas,Dimanche,136 AV. D'ITALIE,75013,PARIS
LA TABATIERE,,80 AV. MARCELLIN BETHELOT,92320,CH?TILLON
Le Jeanne d' Arc,Dimanche,2 R. JEANNE D'ARC,75013,PARIS
Pro-Itech,Mercredi,8 R. SAINT-EXUP?RY,92360,MEUDON-LA-FOR?T
Le Narval,Dimanche,58 R. JEANNE D'ARC,75013,PARIS
Tabac Le Joli Mai,Dimanche,29 AV. DU G?N?RAL DE GAULLE,92360,MEUDON-LA-FOR?T
Tabac des Olympiades,Mercredi,66 AV. D'IVRY,75013,PARIS
Tabac du Golf,Dimanche,79 R. DU 19 JANVIER,92380,GARCHES
La Civette 14,Dimanche,141 R. RAYMOND LOSSERAND,75014,PARIS
Les Arcades,Dimanche,4 R. ATHIME RU?,92380,GARCHES
Tabac des Plantes,Dimanche,36-38 R. DES PLANTES,75014,PARIS
La Rotonde,Dimanche,13 R. HENRI BARBUSSE,92390,VILLENEUVE-LA-GARENNE
Le Saint-Laurent,,55 R. DU P?RE CORENTIN,75014,PARIS
Presse Le Protocole,Samedi,36BIS SQUARE DES COROLLES,92400,COURBEVOIE
Le 7 ¨¨me Art,Dimanche,84 R. RAYMOND LOSSERAND,75014,PARIS
L'Europ¨¦en,Dimanche,165 BD DE VERDUN,92400,COURBEVOIE
Le Marigny,Dimanche,92 R. DIDOT,75014,PARIS
Le Flash,,39 R. JEAN PIERRE TIMBAUD,92400,COURBEVOIE
La Royale,Dimanche,80 R. DE L'AM. MOUCHEZ,75014,PARIS
Presse'tige,Dimanche,191 AV. NAPOL?ON BONAPARTE,92500,RUEIL-MALMAISON
Le Balard,Dimanche,3 PL. BALARD,75015,PARIS
Le Narval,,2 R. DU GU?,92500,RUEIL-MALMAISON
La Carrotte Motte-Pi,,55-57 AV. DE LA MOTTE PICQUET,75015,PARIS
Le Balto,Dimanche,66 R. DE LA SABLI?RE,92600,ASNI?RES-SUR-SEINE
Le Marigny,Lundi,59 BD LEFEBVRE,75015,PARIS
Le Havane,Dimanche,9 R. DE LA STATION,92600,ASNI?RES-SUR-SEINE
Librairie du Lyc¨¦e,Dimanche,304 R. LECOURBE,75015,PARIS
Le Mondial,Dimanche,8 PL. LOUIS ARAGON,92700,COLOMBES
Le Celtic,Dimanche,1 R. MADEMOISELLE,75015,PARIS
La Coupole D'Argent,Dimanche,1 R. CHANTECOQ,92800,PUTEAUX
Civette St-Charles,Dimanche,158 RD-PT ST-CHARLES,75015,PARIS
Civette de Bobigny,Dimanche,90 BD. MAURICE THOREZ,93000,BOBIGNY
Beau Drugstore,,45 R. LINOIS,75015,PARIS
Tabac de l'¨¦glise,Lundi,44288 R. DU G?N?RAL GALLIENI,93110,ROSNY-SOUS-BOIS
Le Chamois,Dimanche,355 R. DE VAUGIRARD,75015,PARIS
Tabac Le Jollois,Dimanche,39 BD. PASTEUR,93120,LA COURNEUVE
Le Kennedy,Dimanche,12 AV. DE VERSAILLES,75016,PARIS
Le Mistral,Dimanche,27 R. ETIENNE DOLET,93140,BONDY
Tabac des Sablons,Dimanche,30 R. GREUZE,75016,PARIS
Civette de Bel Est,Dimanche,28 AV. DU G?N?RAL DE GAULLE,93170,BAGNOLET
Le Havane,Dimanche,188 AV. DE VERSAILLES,75016,PARIS
Le Fontenoy,Dimanche,17 PL. DE LA LIB?RATION,93190,LIVRY-GARGAN
Tabac Jeux,Dimanche,96 R. RAYNOUARD,75016,PARIS
Le Royal Club,,222 AV. DU PR?SIDENT WILSON,93210,SAINT-DENIS
Tabac de la Muette,Dimanche,6 CHAUSS?E DE LA MUETTE,75016,PARIS
Tabac du Chesnay,Dimanche,13 PL. TAVARNELLE,93220,GAGNY
Le Tabac du Terminus,Dimanche,8 PL. DE LA PORTE DE SAINT-CLOUD,75016,PARIS
Civette du Globe,Lundi,107 AV. DE STALINGRAD,93240,STAINS
Civette Ponce,,14 R. PONCELET,75017,PARIS
Le Jean Bart,Dimanche,159 R. DE PARIS,93260,LES LILAS
La Rotonde H¨¦bertine,,3 PL. H?BERT,75018,PARIS
L¡®imperial,Mercredi,38 R. D'AULNAY,93270,SEVRAN
Le Calumet,Dimanche,29 RUE RAMEY,75018,PARIS
Le Real,Dimanche,63 R. DU MOUTIER,93300,AUBERVILLIERS
Le Nouveau Si¨¨cle,,156 AV. DE SAINT OUEN,75018,PARIS
La Terrasse,Dimanche,10 BD. DU MAR?CHAL FOCH,93330,NEUILLY-SUR-MARNE
Caf¨¦ Rosa,Dimanche,46 R. C?SARIA EVORA,75019,PARIS
Le Fontenoy,Lundi,134 AV. DE LA R?SISTANCE,93340,LE RAINCY
Tabac Presse,Dimanche,36 AV. SIMON BOLIVAR,75019,PARIS
Civette du Bourget,Dimanche,15 R. ?TIENNE DOLET,93350,LE BOURGET
Tabac La Gascogne,Dimanche,1 SQ. DE LA GASCOGNE,75020,PARIS
Le Madrigal,Dimanche,64 AV. DANIEL PERDRIGE,93360,NEUILLY-PLAISANCE
Le Narval,Dimanche,93 R. D'AVRON,75020,PARIS
Le Petit Foch,Dimanche,86 AV. DU MAR?CHAL FOCH,93360,NEUILLY-PLAISANCE
Le R¨¦veil Matin,,135 R. DE M?NILMONTANT,75020,PARIS
Le Balto,Lundi,29 R. DE PARIS,93380,PIERREFITTE-SUR-SEINE
Le Chiquito,Dimanche,38 R. LEVERT,75020,PARIS
Bar l'Express,Dimanche,2 PL. DU G?N?RAL LECLERC,93380,PIERREFITTE-SUR-SEINE
Le Malakoff,Lundi,36 R. DU GRAND CERF,77100,MEAUX
Tabac  Marronniers,Dimanche,4 ALL. DE GAGNY (C.CIAL),93390,CLICHY-SOUS-BOIS
L'¨¦toile des roches,Dimanche,37 COURS DES ROCHES,77186,NOISIEL
Le Boyard,Dimanche,2 AV. MICHELET,93400,SAINT-OUEN
tabac de la mairie,Dimanche,6 ALL. JEAN BAPTISTE COLBERT,77200,TORCY
Le S¨¦nioritas,Dimanche,169 R. DU DR BAUER,93400,SAINT-OUEN
Tabac PENG,Lundi,/ AV.DE LA R?PUBLIQUE C.CIAL2000,77340,PONTAULT-COMBAULT
Le Paris-Lille,Dimanche,36 AV. DU CIMETI?RE PARISIEN,93500,PANTIN
Le Larzac,Dimanche,2 AV. DE LA R?SISTANCE,77500,CHELLES
Le Starsbourg,Lundi,1 BD.DE STRASBOURG,93600,AULNAY-SOUS-BOIS
Les Impressionnistes,Lundi,21 BD FERNAND HOSTACHY,78290,CROISSY-SUR-SEINE
Le Celtique,Dimanche,1 BD. PAUL VAILLANT COUTURIER,93700,DRANCY
La Concorde,Lundi,120 R. D'ESTIENNE D'ORVES,91370,VERRI?RES-LE-BUISSON
Le Bistrot de Paris,Dimanche,32 R. DE PARIS,93800,?PINAY-SUR-SEINE
Le Fontenoy,Lundi,1 R. H. OUZILLEAU C.C GRAND VAUX,91600,SAVIGNY-SUR-ORGE
Presse L'Ob¨¦lisque,Dimanche,15 IMP. DU NOYER BOSSU,93800,?PINAY-SUR-SEINE
Le Fontenoy,Dimanche,36 R. HENRI BARBUSSE,92000,NANTERRE
Tabac - Presse,Dimanche,8 BD MONTAIGUT,94000,CR?TEIL
Le Balto,Lundi,1 R. DE STALINGRAD,92000,NANTERRE
Tabac Le Val,Dimanche,10 AV DU VAL DE FONTENAY,94120,FONTENAY-SOUS-BOIS
Le Marigny,Dimanche,97 ROUTE DE LA REINE,92100,BOULOGNE-BILLANCOURT
Le Brazza,Lundi,186 GRANDE RUE CHARLES DE GAULLE,94130,NOGENT-SUR-MARNE
Tabac du March¨¦,Lundi,64 R. DE NEUILLY,92110,CLICHY
Le Brazza,Dimanche,10 AV. JOFFRE,94160,SAINT-MAND?
Tabac de la Mairie,Dimanche,83 BD JEAN JAUR?S,92110,CLICHY
Tabac du Parc,Dimanche,48 AV. LEDRU ROLLIN,94170,LE PERREUX-SUR-MARNE
Bar le Rallye,Dimanche,5 R. DU LANDY,92110,CLICHY
Bar-Tabac Le Start,Dimanche,219 AV. PIERRE BROSSOLETTE,94170,LE PERREUX-SUR-MARNE
Le Carv¨¨s,Dimanche,130 AV. ARISTIDE BRIAND,92120,MONTROUGE
Le Maryland,Dimanche,20 BD. D' ALSACE-LORRAINE,94170,LE PERREUX-SUR-MARNE
Presse Papier,Dimanche,54 R. D'EREVAN,92130,ISSY-LES-MOULINEAUX
Brasserie des Sports,Dimanche,8 R. RASPAIL,94200,IVRY-SUR-SEINE
Civette Saint-Claude,Dimanche,4 PL. DU G?N?RAL LECLERC,92150,SURESNES
Les Sports,Dimanche,96 AV. DE VERDUN,94200,IVRY-SUR-SEINE
Le Maryland,Mercredi,24 R. DE LA R?PUBLIQUE,92170,VANVES
Tabac Grand Ciel,Dimanche,30 BD P.VAILLANT-COUTURIER -CCIAL,94200,IVRY-SUR-SEINE
Au Soleil Levant,Dimanche,83 AV. VICTOR HUGO,92170,VANVES
Le Petit Flore,Dimanche,6 R. CROIX DES PETITS CHAMPS,75001,PARIS
L' aubrac,Dimanche,1 AV. MAR. DE LATTRE DE TASSIGNY,94220,CHARENTON-LE-PONT
Les Tilleuls,Dimanche,13 PL. DE STALINGRAD,92190,MEUDON
Le Ventadour,Dimanche,46 R. DES PETITS-CHAMPS,75002,PARIS
Studio-Presse,Dimanche,17 R. JEAN JAUR?S,94240,L'HA?-LES-ROSES
Le Celtique,Dimanche,221 AV. CHARLES DE GAULLE,92200,NEUILLY-SUR-SEINE
V¨¦locivette,Dimanche,22 R.TURBIGO,75002,PARIS
Le Dispan,Dimanche,3 R. DISPAN,94240,L'HA?-LES-ROSES
Le Beau Site,,140 BD DE LA R?PUBLIQUE,92210,SAINT-CLOUD
La Violette,Dimanche,5 BD. DE SAINT-DENIS,75003,PARIS
Tabac des Roses,Lundi,106 108 R. DE BIC?TRE,94240,L'HA?-LES-ROSES
Le Diplomate,,60 R. PIERRE TIMBAUD,92230,GENNEVILLIERS
Le Week-End,Dimanche,42 BD HENRI IV,75004,PARIS
Le Royal,Dimanche,9 R. DE CHEVILLY,94240,L'HA?-LES-ROSES
COULEURS,,4 AV. JULES FERRY,92240,MALAKOFF
Le Victoria,Dimanche,6 R. SAINT-MARTIN,75004,PARIS
Le Week End,Mercredi,31 AV. DES DAHLIAS,94240,L'HA?-LES-ROSES
Librairie - Presse,Dimanche,29 BD DE STALINGRAD,92240,MALAKOFF
Civette St Michel,,137 BD ST-MICHEL,75005,PARIS
Tabac le Gallia,Dimanche,54 AV. RASPAIL,94250,GENTILLY
ETOILE,,323 AV. D'ARGENTEUIL,92270,BOIS-COLOMBES
Le Rond-Point,Dimanche,123 R. MONGE,75005,PARIS
Librairie-Papeterie,Dimanche,28 R. CHARLES FR?ROT,94250,GENTILLY
Le Celtique,Dimanche,51 R. ARISTIDE BRIAND,92300,LEVALLOIS-PERRET
Le Mirbel,Dimanche,4 R. DE MIRBEL,75005,PARIS
Le Drapeau,Dimanche,18 AV. DE PARIS,94300,VINCENNES
Tabac du March¨¦,Mercredi,31 R. CARNOT,92300,LEVALLOIS-PERRET
ESPACE TABAC,Dimanche,80 BD PORT-ROYAL,75005,PARIS
Tabac De La Tourell,Mercredi,170 AV. DE PARIS,94300,VINCENNES
Le Lonchamps,Dimanche,57 R. JEAN JAUR?S,92300,LEVALLOIS-PERRET
Tabac Notre-Dame,Mardi,3 R. LAGRANGE,75005,PARIS
Bar du March¨¦,Dimanche,9 PL. DU MARCH?,94320,THIAIS
Le Balto,Dimanche,48 R. GABRIEL P?RI,92300,LEVALLOIS-PERRET
Tabac de l'Arriv¨¦e,Dimanche,14 BD DE L'HOPITAL,75005,PARIS
Emy Caf¨¦,Dimanche,0 CCIAL  BELLE EPINE,94320,THIAIS
L'Europ¨¦en,Dimanche,22 AV. DE L'EUROPE,92310,S?VRES
Le Brazza,Dimanche,9 R. DE SEVRES,75006,PARIS
Tabac 3 F,Mercredi,2BIS AV. DU 25 AO?T 1944,94320,THIAIS
La Belle Polle,,21  GRANDE RUE,92310,S?VRES
Tabac WEN,Dimanche,20 R. LITTR?,75006,PARIS
Tabac Presse,Dimanche,37 AV. NELSON MANDELA,94350,VILLIERS-SUR-MARNE
La Pointe Presse,Dimanche,1945 AV. ROGER SALENGRO,92370,CHAVILLE
Tabac St-Germain,Dimanche,64 R. DE SEINE,75006,PARIS
Le Fran?ais,Dimanche,25 AV. LUCIEN FRAN?AIS,94400,VITRY-SUR-SEINE
Presse Sainte Marie,Lundi,9 R. SAINTE-MARIE,92400,COURBEVOIE
Civette l' Assembl¨¦e,,17 R. DE BOURGOGNE,75007,PARIS
Le Nemrod,Dimanche,124 R. JULIAN GRIMAU,94400,VITRY-SUR-SEINE
La Baraka,Dimanche,73 AV. DE LA R?PUBLIQUE,92400,COURBEVOIE
Le Centenaire,Dimanche,27 BD DE LA TOUR MAUBOURG,75007,PARIS
Caf¨¦ MILAN,Mercredi,73 AV. ROUGET DE L'ISLE,94400,VITRY-SUR-SEINE
La Tabati¨¨re,Dimanche,58 AV. DE FOUILLEUSE,92500,RUEIL-MALMAISON
Caf¨¦ de l'Universit¨¦,Dimanche,151 R. DE L'UNIVERSIT?,75007,PARIS
Eliyah,Dimanche,2 R. EUG?NE HENAFF CCIAL,94400,VITRY-SUR-SEINE
Le Saint-Clande,Dimanche,11 AV. D'ARGENTEUIL,92600,ASNI?RES-SUR-SEINE
La Civette de l'Alma,,15 AV. RAPP,75007,PARIS
La Platanaie,Dimanche,11 PL. DE VERDUN,94420,LE PLESSIS-TR?VISE
La Belle Colombes,Lundi,125 AV. DE STALINGRAD,92700,COLOMBES
Tabac Le Lut¨¦cia,,14 AV. DE TOURVILLE,75007,PARIS
Mag Presse,Dimanche,2 PL. DE LATTRE DE TASSIGNY,94550,CHEVILLY-LARUE
Tabac de la Gare,Dimanche,9 AV. DE L'AGENT SARRE,92700,COLOMBES
Tabac Cave ¨¤ Cigare,Dimanche,20 AV. BOSQUET,75007,PARIS
Au Petit Caporal,Dimanche,1 R.EUG?NE RENAULT,94700,MAISONS-ALFORT
Le  Village,,5 R. DU BOURNARD,92700,COLOMBES
Aux Minist¨¨res,Dimanche,53 AV. DE S?GUR,75007,PARIS
Le Mondial,Dimanche,157 BIS R. JEAN JAUR?S,94700,MAISONS-ALFORT
Le Valmy,Dimanche,4 COURS VALMY,92800,PUTEAUX
Les Volcans,Dimanche,105 R. DU FBG POISSONNI?RE,75009,PARIS
La Civette,,29 AV DE LA R?PUBLIQUE,94700,MAISONS-ALFORT
Civette de Puteaux,Dimanche,65 Q. DE DION-BOUTON,92800,PUTEAUX
Civette Trinit¨¦,Samedi,69 R. SAINT LAZARE,75009,PARIS
Tabac Laporte,Dimanche,22 COURS DES JUILLIOTTES,94700,MAISONS-ALFORT
Le Bar des Amis,Lundi,38 CHEMIN DE GROSLAY,93000,BOBIGNY
Le Lut¨¦tia,Dimanche,156 R. LA FAYETTE,75010,PARIS
Tabac de la Basiliqu,Dimanche,2 R. HENRI BARBUSSE,95100,ARGENTEUIL
Le Bel Air,Dimanche,25 AV. ?DOUARD VAILLANT,93000,BOBIGNY
La Rame,Dimanche,21 R. PHILIPPE DE GIRARD,75010,PARIS
Tabac d'Orgemont,,57 AV. DE STALINGRAD,95100,ARGENTEUIL
Librairie Du Lyc¨¦e,Dimanche,76 R. DE ROSNY,93100,MONTREUIL
L'Estaminet,Dimanche,10 R. JEAN-PIERRE TIMBAUD,75011,PARIS
La Divette,,61 R. PAUL VAILLANT COUTURIER,95100,ARGENTEUIL
Le Wilson,Lundi,176 AV. DU PR?SIDENT WILSON,93100,MONTREUIL
Le Saint-Claude,Dimanche,101 R. CLAUDE DECAEN,75012,PARIS
La R¨¦gence,Dimanche,5 AV. DU 8 MAI 1945,95200,SARCELLES
Le Jean Nicot,Dimanche,70 R. DE PARIS,93100,MONTREUIL
Le Rallye,Dimanche,82 R. DU FAUBOURG SAINT-ANTOINE,75012,PARIS
Le Maracana,Dimanche,35 R. DU G?N?RAL LECLERC,95500,GONESSE
Flore de Havane,Dimanche,246 BD A. BRIAND,93100,MONTREUIL
Le Reinit,Dimanche,116 COURS DE VINCENNES,75012,PARIS
La Fauconni¨¨re,Dimanche,19 PL. MARC SANGNIER,95500,GONESSE
La Paix,Mercredi,148 R. DES RUFFINS,93100,MONTREUIL
Tabac Du Canon,Dimanche,2 PL. DE LA NATION,75012,PARIS
Tabac de la Mairie,,5 AV. GABRIEL P?RI,95870,BEZONS
Le Vaillant,Dimanche,130 AV. PAUL VAILLANT COUTURIER,93120,LA COURNEUVE
Tabac Montgallet,Dimanche,56 R. JACQUES HILLAIRET,75012,PARIS
Tabac Le Muratti,Dimanche,2 AV. JEAN MERMOZ,93120,LA COURNEUVE
L'Arche 13,Lundi,82 BD MASS?NA,75013,PARIS
Le Brazza,Dimanche,7 BD. DE LA R?PUBLIQUE,93130,NOISY-LE-SEC
Librairie Blanqui 13,Dimanche,85 R. AUGUSTE BLANQUI,75013,PARIS
Le Magagnou,Dimanche,35 AV. GALLIENI,93130,NOISY-LE-SEC
Le Rond Point,Dimanche,32 R.VERGNIAUD,75013,PARIS
Le Pasteur,Dimanche,138 AV. PASTEUR,93150,LE BLANC-MESNIL
Le Fontenoy,Dimanche,37 R. RAYMOND LOSSERAND,75014,PARIS
Caf¨¦ du Mus¨¦e,Dimanche,110 AV. DU 8 MAI 1945,93150,LE BLANC-MESNIL
Tabac du lion,,5 AV. DU G?N?RAL LECLERC,75014,PARIS
Les copains,Dimanche,213 AV. PAUL VAILLANT-COUTURIER,93150,LE BLANC-MESNIL
La Table de B¨¦zout,,31 R. B?ZOUT,75014,PARIS
Tabac du March¨¦,Mardi,15 R. DU MARCH?,93160,NOISY-LE-GRAND
Tabac de la Ga?t¨¦,Dimanche,49 R. DE LA GA?T?,75014,PARIS
L¡®europ¨¦en,Dimanche,CCIAL DU CHAMPY-9 ALL BAT HILDEVERT,93160,NOISY-LE-GRAND
La Rotonde,Dimanche,7 PL. DU 25 AO?T 1944,75014,PARIS
Tabac - Presse,Dimanche,24 R. GIRARDOT,93170,BAGNOLET
Tabac Pte d'Orl¨¦ans,Dimanche,134 AV. DU G?N?RAL LECLERC,75014,PARIS
Le Lonchamps,Dimanche,69 AV. DU MAR?CHAL LECLERC,93190,LIVRY-GARGAN
Le Maryland,Dimanche,108 R. DIDOT,75014,PARIS
Le Rocher,Lundi,5 BD. MARX DORMOY,93190,LIVRY-GARGAN
La Sabli¨¨re,Dimanche,32 R. DE LA SABLI?RE,75014,PARIS
Au Diplomate,Dimanche,68 R. GABRIEL P?RI,93200,SAINT-DENIS
Le Flash,,38 R. PAUL BARRUEL,75015,PARIS
Tabac  la Mutualit¨¦,Dimanche,44 R. HENRI BARBUSSE,93200,SAINT-DENIS
Au Jean Bart,Dimanche,44 R. DU DR  ROUX,75015,PARIS
Tabac de la Mairie,Mercredi,3 R. DE PARIS,93230,ROMAINVILLE
Les Favorites,Dimanche,125 R. CAMBRONNE,75015,PARIS
Le Terminus,Dimanche,10 R. DE LA GARE,93270,SEVRAN
Tabac art et galerie,,177 R. DE VAUGIRARD,75015,PARIS
Le Totem,Dimanche,CCIAL BEAUSEVRAN - RTE PETITS PONTS,93270,SEVRAN
L¡®Ariel,Dimanche,1 R. DES MORILLONS,75015,PARIS
Le Rallye,Jeudi,11 AV. JEAN JAUR?S,93300,AUBERVILLIERS
Tabac la Place,,8 PL. FALGUI?RE,75015,PARIS
Le Totem,Dimanche,156 R. DANIELLE CASANOVA,93300,AUBERVILLIERS
Plum2000,,174 R. DE LA POMPE,75016,PARIS
Tabac du Babylone,Dimanche,5 AV. FAIDHERBE,93310,LE-PRE-SAINT-GERVAIS
La Vitole,Dimanche,126 BD MURAT,75016,PARIS
Civette de Pavillons,Dimanche,116 AV. JEAN JAURES,93320,LES PAVILLONS-SOUS-BOIS
Tabac de la Mairie,Dimanche,66 R. DE LA POMPE,75016,PARIS
Civette de la Mairie,Dimanche,10 PL. DU CHAMOINE H?ROUX,93330,NEUILLY-SUR-MARNE
Le Diplomate,Dimanche,15 RUE SINGER,75016,PARIS
La Civette du Raincy,Lundi,8 PL. DU G?N?RAL DE GAULLE,93340,LE RAINCY
La Parisienne,Dimanche,57 AV. MOZART,75016,PARIS
Tabac de La Poste,Dimanche,46 AV. DU MAR?CHAL FOCH,93360,NEUILLY-PLAISANCE
Le Voltigeur,Dimanche,118 BD. BERTHIER,75017,PARIS
Tabac de la Mairie,Dimanche,43 R. HENRI BARBUSSE,93370,MONTFERMEIL
Tabac Le Courcelles,Dimanche,94 BD DE COURCELLES,75017,PARIS
Tabac de La Tour,Dimanche,26 PL. DE LA TOUR,93390,CLICHY-SOUS-BOIS
Le Narval,Dimanche,17 R. DES DAMES,75017,PARIS
Le Terminus,Dimanche,224 AV. DU 8 MAI 1945,93440,DUGNY
Le Chaptal,Dimanche,70-72 BD DES BATIGNOLLES,75017,PARIS
Le Flash,Dimanche,1 PL. GABRIEL P?RI,93440,DUGNY
Le Calumet,Dimanche,145 AV. DE VILLIERS,75017,PARIS
Tabac de la Mairie,Dimanche,2 R.MECHIN,93450,L'?LE-SAINT-DENIS
Le Celtique,Dimanche,204 R. DE COUCELLES,75017,PARIS
Tabac De L'?glise,Dimanche,2 AV. PAUL DOUMER,93460,GOURNAY-SUR-MARNE
Le Marigny,Dimanche,30 R. DES BATIGNOLLES,75017,PARIS
Au Petit  Tabac,Dimanche,2 AV. ?DOUARD VAILLANT,93500,PANTIN
Le Niel,,42 R. PIERRE DEMOURS,75017,PARIS
Le Saint Claude,Dimanche,54 AV. JEAN LOLIVE,93500,PANTIN
Le Rallye,Dimanche,79 BD BARBES,75018,PARIS
Le Voltigeur,Lundi,70 AV. MARCEAU,93700,DRANCY
Le Lamarck,Dimanche,55 R. LAMARCK,75018,PARIS
Le Chiquito,Jeudi,135 AV. HENRI BARBUSSE,93700,DRANCY
Tabac le Nazir,Dimanche,56 R. DES ABBESSES,75018,PARIS
Tabac des Preles,Dimanche,65 AV. DE LA MARNE,93800,?PINAY-SUR-SEINE
Le Vizir,Dimanche,173 R. ORDENER,75018,PARIS
Le Week-End,Dimanche,7 AV. GALLIENI,93800,?PINAY-SUR-SEINE
Le Flash,,6 R. ORDENER,75018,PARIS
Tabac Cr¨¦teil Soleil,Dimanche,101 AV. DU G?N. DE GAULLE -C CIAL,94000,CR?TEIL
Tabac Point Presse,Dimanche,2 R. FR?D?RIC SCHNEIDER HALL 1,75018,PARIS
TABAC PRESSE,,11 AV. DU G?N?RAL PIERRE BILLOTTE,94000,CR?TEIL
Le Cadre Noir,Dimanche,38 R. DE JOINVILLE,75019,PARIS
Le Diplomate,Mardi,103 R. DU G?N LECLERC,94000,CR?TEIL
Tabac de l'Ourcq,Dimanche,98 R. DE L'OURCQ,75019,PARIS
Hall de la Presse,Lundi,12 ALL. DU COMMERCE,94000,CR?TEIL
Tabac Le Rallye,Dimanche,107 R. MANIN,75019,PARIS
La Croix d'Arcueil,Dimanche,71 AV. ARISTIDE BRIAND,94110,ARCUEIL
Civette Brunet,Dimanche,2 AV. DE LA PORTE BRUNET,75019,PARIS
Ambiance J,Dimanche,1 CCIAL DU VAL DE FONTENAY,94120,FONTENAY-SOUS-BOIS
Le Bolivar,Dimanche,125 AV. SIMON BOLIVAR,75019,PARIS
Tabac du March¨¦,Lundi,56 R. DES H?ROS NOGENTAIS,94130,NOGENT-SUR-MARNE
Le Voltigeur,Dimanche,136 R. DES COURONNES,75020,PARIS
Le Watteau,Dimanche,7 BD DE STRASBOURG,94130,NOGENT-SUR-MARNE
Civette de Pelleport,Dimanche,127 AV. GAMBETTA,75020,PARIS
Le Perroquet Vert,Dimanche,123 R. PAUL VAILLANT-COUTURIER,94140,ALFORTVILLE
Le Marigny,Dimanche,298 R. DES PYR?N?ES,75020,PARIS
Le Royal 16,Dimanche,16 R. CHARLES DE GAULLE,94140,ALFORTVILLE
Au Bon Coin,Dimanche,2 BD. DAVOUT,75020,PARIS
Le Fontenoy St Mand¨¦,,7 PL. CHARLES DIGEON,94160,SAINT-MAND?
Le Capitole,Dimanche,269 R. DES PYR?N?ES,75020,PARIS
Le Jean BART,Dimanche,137 AV. DU G?N?RAL DE GAULLE,94170,LE PERREUX-SUR-MARNE
TABAC DE LA GARE,Dimanche,3 PL. ROGER NICOLAS,77330,OZOIR-LA-FERRI?RE
Le Balto,Dimanche,3 R. PIERRE CURIE,94200,IVRY-SUR-SEINE
Le Papyrus,Dimanche,CCIAL ROUTE DE MONTFERMEIL,77500,CHELLES
Tabac des Ecoles,Dimanche,79 R. DE PARIS,94220,CHARENTON-LE-PONT
L'Ecu de France,Dimanche,95 AV. DES SCIENCES,77500,CHELLES
Le Mogador,Dimanche,197 R. DE PARIS,94220,CHARENTON-LE-PONT
Espace Gambetta,Dimanche,20 R. GAMBETTA,77500,CHELLES
Civette de la coupol,Dimanche,CCIAL 3 PL. DES MARSEILLAIS,94220,CHARENTON-LE-PONT
Chez Ludo et Dia,Dimanche,3 PL. D'ISIGNY,78000,VERSAILLES
Tabac de la Mairie,Dimanche,11 PL. GAMBETTA,94230,CACHAN
Tabac des Blanches,Dimanche,33 BD HENRI BARBUSSE,78800,HOUILLES
Le Petit Robinson,Lundi,1 AV. HENRI BARBUSSE,94240,L'HA?-LES-ROSES
Tabac du Pont,Lundi,90 R. FRAN?OIS MITTERRAND,91160,LONGJUMEAU
Tabac Brazza,Samedi,28 AV. EUG?NE THOMAS,94270,LE KREMLIN-BIC?TRE
Au Buisson,Lundi,28 R. D'ESTIENNE D'ORVES,91370,VERRI?RES-LE-BUISSON
Le Jean Bart,Dimanche,81 AV. DE FONTAINEBLEAU,94270,LE KREMLIN-BIC?TRE
Le Concorde,Dimanche,19-21 BD DE FONTAINEBLEAU,91550,PARAY-VIEILLE-POSTE
Zounina,Dimanche,16 BD CHASTENAY DE GERY,94270,LE KREMLIN-BIC?TRE
La Cave ¨¤ Cigares,Dimanche,27 R. DE LA PAIX,92000,NANTERRE
Tabac des Rigollots,Dimanche,153 R. DEFRANCE,94300,VINCENNES
La Civette Du Parc,Dimanche,11 ESPLANADE CHARLES DE GAULLE,92000,NANTERRE
Le Fer ¨¤ Cheval,Lundi,73 AV. ADRIEN RAYNAL,94310,ORLY
Tabac de la Boule,Dimanche,5 PL. DE LA BOULE,92000,NANTERRE
LE NARVAL,Dimanche,46 R. DU COMMERCE,94310,ORLY
Ets la Source,Dimanche,1 R. DE LA SOURCE,92000,NANTERRE
Le Joinville,Dimanche,3 AV. JEAN JAUR?S,94340,JOINVILLE-LE-PONT
Tabac Loto Presse,Dimanche,43 R. DES AUB?PINES,92000,NANTERRE
Tabac De La Gare,Dimanche,12 PL. DE LA GARE,94350,VILLIERS-SUR-MARNE
La Civette du Pont,Dimanche,253 BD JEAN JAUR?S,92100,BOULOGNE-BILLANCOURT
Caf¨¦ de la Mairie,,5 R. D' ESTIENNE D' ORVES,94380,BONNEUIL-SUR-MARNE
Le Havane,Dimanche,50 AV. JEAN-BAPTISTE CL?MENT,92100,BOULOGNE-BILLANCOURT
Clair de Plume,Dimanche,34 AV. YOURI GAGARINE - C.CIAL,94400,VITRY-SUR-SEINE
toute la presse,,0 106-107 R. DU POINT DU JOUR,92100,BOULOGNE-BILLANCOURT
Royal St Maurice,Lundi,56TER AV.MAR. DE LATTRE DE TASSIGNY,94410,SAINT-MAURICE
Royal Clichy,Dimanche,29 BD DU G?N. LECLERC,92110,CLICHY
Le Cigare- La Flamme,Dimanche,81-85 RTE DE PROVINS  C.C PINCE VENT,94490,ORMESSON-SUR-MARNE
Le Havane,Dimanche,45 BD JEAN JAUR?S,92110,CLICHY
Tabac de l' Avenue,Lundi,85 AV. DE LA R?PUBLIQUE,94500,CHAMPIGNY-SUR-MARNE
Librairie du Centre,Dimanche,79 AV.DE LA R?PUBLIQUE,92120,MONTROUGE
Le rouget de l'isle,,7 AV. JEAN JAURES,94600,CHOISY-LE-ROI
Le Petit Paris,Dimanche,39 AV. DE LA R?PUBLIQUE,92120,MONTROUGE
Tabac du March¨¦,Dimanche,56 AV. GEORGES CLEMENCEAU,94700,MAISONS-ALFORT
Le gaulois,Dimanche,101 AV. DE LA R?PUBLIQUE,92120,MONTROUGE
Tabac Ile de France,Dimanche,33 AV. DE PARIS,94800,VILLEJUIF
Tabac du Centre,Dimanche,68 R.DU GOUVERNEUR G?N?RAL EBOU?,92130,ISSY-LES-MOULINEAUX
mag presse,Dimanche,67 AV. DE STALINGRAD,94800,VILLEJUIF
L'Aviation,Dimanche,2 RD-PT VICTOR HUGO,92130,ISSY-LES-MOULINEAUX
TABAC PRESSE,,92 R. YOURI GAGARINE,94800,VILLEJUIF
Tabac Saint-Germain,Dimanche,3 COURS L'ANCIENNE BOULANGERIE,92130,ISSY-LES-MOULINEAUX
Le Gaulois,Dimanche,6 PL. DU 11 NOVEMBRE,95100,ARGENTEUIL
Espace Tabac,Dimanche,19 R. JEAN-PIERRE TIMBAUD,92130,ISSY-LES-MOULINEAUX
Mag Presse,,CCIAL 25 ROUTE D'ENGHIEN,95100,ARGENTEUIL
Tramway d'issy,,267 R. JEAN JACQUES ROUSSEAU,92130,ISSY-LES-MOULINEAUX
Tabac du Centre,Dimanche,23 AV. DE LA COMMUNE DE PARIS,95140,GARGES-L?S-GONESSE
Tabac Le Versailles,Dimanche,16 R. DE VERSAILLES,92140,CLAMART
Le Celtique,Dimanche,83 R. PIERRE BROSSOLETTE,95200,SARCELLES
Tabac de la Mairie,Dimanche,21 R. DU TROSY,92140,CLAMART
Le Bloch Lain¨¦,Dimanche,3 PL. BLOCH LAIN?,95200,SARCELLES
La Civette,Dimanche,1 R. PAUL VAILLANT COUTURIER,92140,CLAMART
Le Fleury,Samedi,82 AV. HENRI BARBUSSE,92140,CLAMART
Tabac des Ch¨ºnes,Dimanche,45 R. DES CH?NES,92150,SURESNES
Le Fontenoy,Dimanche,135 AV. DE LA DIVISION LECLERC,92160,ANTONY
Le Madril¨¨ne,Dimanche,197 AV. CHARLES DE GAULLE,92200,NEUILLY-SUR-SEINE
Le Winston,Dimanche,91 AV. DU ROULE,92200,NEUILLY-SUR-SEINE
Le Marly,Dimanche,54 AV. DU ROULE,92200,NEUILLY-SUR-SEINE
Le Magenta,Dimanche,1 PL. MAGENTA,92210,SAINT-CLOUD
0,,63 AV. DES GR?SILLONS,92230,GENNEVILLIERS
Tabac Presse,Dimanche,8 AV. DE LA LIB?RATION,92230,GENNEVILLIERS
Tabac du Clos,Dimanche,2 BD DU COL. FABIEN,92240,MALAKOFF
Le Montana,,21TER BD STALINGRAD,92240,MALAKOFF
Librairie Malakoff,Dimanche,59 AV. PIERRE LAROUSSE,92240,MALAKOFF
Le Celtique,Dimanche,1 R. DE L'ARRIV?E,92250,LA GARENNE-COLOMBES
Le Jean Nicot,Dimanche,432 AV. DE LA DIVISION LECLERC,92290,CH?TENAY-MALABRY
LE Longchamp,Lundi,99 AV. DE LA DIVISION LECLERC,92290,CH?TENAY-MALABRY
Tabac du Parc,Dimanche,26 R. PIERRE BROSSOLETTE,92300,LEVALLOIS-PERRET
Le Lutetia,,75 R. VICTOR HUGO,92300,LEVALLOIS-PERRET
Le Patio,Dimanche,5 R. DU DOCTEUR ROUX,92330,SCEAUX
Le Commerce,Dimanche,56 AV. DU G?N LECLERC,92340,BOURG-LA-REINE
caf¨¦ des 2 gares,,102 AV. DU G?N?RAL LECLERC,92340,BOURG-LA-REINE
Mag Presse,Dimanche,15 AV. CHARLES DE GAULLE,92350,LE PLESSIS-ROBINSON
La Camargue,Dimanche,18 ALL.  MARCEL SIMON,92360,MEUDON-LA-FOR?T
Tabac de la Paix,Dimanche,766 AV. ROGER SALENGRO,92370,CHAVILLE
Le Saint-Claude,Lundi,42 BD DE VERDUN,92400,COURBEVOIE
Tabac Le Vinci,Dimanche,17 AV. L?ONARD DE VINCI,92400,COURBEVOIE
Le Tobacco,Dimanche,4 ALL. DE L'H?TEL DE VILLE,92500,RUEIL-MALMAISON
Le Tabalire,Dimanche,103 AV. PAUL DOUMER,92500,RUEIL-MALMAISON
Le Richelieu,Dimanche,53 R. HAUTE,92500,RUEIL-MALMAISON
Tabac Beauregard,Dimanche,67 AV. DU 18 JUIN 1940,92500,RUEIL-MALMAISON
Le Flachat,Dimanche,35 R. DE CHANZY,92600,ASNI?RES-SUR-SEINE
Le Voltaire,Dimanche,22 BD VOLTAIRE,92600,ASNI?RES-SUR-SEINE
Le R¨¦gence,Dimanche,76 AV. HENRI BARBUSSE,92700,COLOMBES
Le Gala,Dimanche,81 R. GABRIEL P?RI,92700,COLOMBES
Tabac aux sports,Dimanche,41 R. SAINT-DENIS,92700,COLOMBES
Tabac des 4 Temps,Dimanche,CCAL LES 4 TEMPS 2 PARVIS DE LA D?F,92800,PUTEAUX
Le Montalegre,Lundi,118 AV. DU PR?SIDENT WILSON,92800,PUTEAUX
L'Orangerie,,33 R. JEAN JAUR?S,92800,PUTEAUX
Le Belwo,,63 AV. LOUIS ARAGON,93000,BOBIGNY
Les Copains,Dimanche,294 R. DE ROSNY,93100,MONTREUIL
Le Celtique,Dimanche,175 BD. DE LA BOISSI?RE,93100,MONTREUIL
Le Villiers,Dimanche,100 AV. PASTEUR,93100,MONTREUIL
Le Havan Cuir,Lundi,7 PL. NICOLE NEUBURGER,93140,BONDY
Librairie Moli¨¨re,Dimanche,CCIAL AV. LOUISE MICHEL,93150,LE BLANC-MESNIL
Le Piazza,Dimanche,2 ALL. ANDR? MALRAUX,93160,NOISY-LE-GRAND
Le Cyrano,Lundi,39 R. EUG?NE MASSE,93190,LIVRY-GARGAN
La Royale,Dimanche,15 CHEMIN D'AUBERVILLIERS,93200,SAINT-DENIS
Le Fontenoy,Jeudi,2 PL. DU SQUARE PIERRE DE GEYTER,93200,SAINT-DENIS
Le Khedive,Dimanche,3 PL. VICTOR HUGO,93200,SAINT-DENIS
Tabac De L'?poque,Mercredi,2 R. JOANNES,93220,GAGNY
Le Brazza,Dimanche,8 ROUTE DE MONTREUIL,93230,ROMAINVILLE
Tabac - Presse,Dimanche,160 R. DE LA R?PUBLIQUE,93230,ROMAINVILLE
Le Narval,Dimanche,95 AV. JULES GUESDE,93240,STAINS
Le Celtique,Dimanche,60 R. PARMENTIER,93240,STAINS
Tabac de la Mairie,Dimanche,1 R. CARNOT,93240,STAINS
Bar Monte Christo,Dimanche,16 GRANDE RUE,93250,VILLEMOMBLE
Tabac de La Gare,Dimanche,7 PL. DE LA GARE,93250,VILLEMOMBLE
Tabac de L'Europe,Dimanche,77 AV. DE ROSNY,93250,VILLEMOMBLE
Le S¨¦vign¨¦,Dimanche,162 GRANDE RUE,93250,VILLEMOMBLE
Le Pont de Stains,Dimanche,98 R. SADI CARNOT,93300,AUBERVILLIERS
Le Beau Relais,Dimanche,129 AV. JEAN JAUR?S,93300,AUBERVILLIERS
Galaxie Millionnair,Dimanche,167 AV. VICTOR HUGO,93300,AUBERVILLIERS
Le Celtique,,39 AV. DE LA R?PUBLIQUE,93300,AUBERVILLIERS
Virgule,Dimanche,3 R. DES RENOUILL?RES,93360,NEUILLY-PLAISANCE
Le Diplomate,Dimanche,52 BD. PASTEUR,93380,PIERREFITTE-SUR-SEINE
Caf¨¦ De La Gare,Dimanche,10 PL. DE LA GARE,93420,VILLEPINTE
Le New Rallye,Dimanche,10 ROUTE DE SAINT LEU,93430,VILLETANEUSE
Le Victor Hugo,Dimanche,135 AV.  JEAN LOLIVE,93500,PANTIN
Le Nemrod,Dimanche,97 R. HENRI LANGLOIS,93700,DRANCY
Maison De La Presse,Dimanche,95 AV. HENRI BARBUSSE,93700,DRANCY
L¡®Interlude,Dimanche,2 R. SAINT-SIMON,94000,CR?TEIL
Caf¨¦ du bonheur,Mardi,63 R. CH?RET,94000,CR?TEIL
La Royale,Dimanche,122 R. MARIUS SIDOBRE,94110,ARCUEIL
Au Bon Tabac,Dimanche,20 R. ?MILE RASPAIL,94110,ARCUEIL
Le Centre Ville,Dimanche,25 PL. SALVADOR ALLENDE,94140,ALFORTVILLE
Le Bergerac,Mercredi,108 R. ETIENNE DOLET,94140,ALFORTVILLE
Le Longchamp,Mercredi,34 AV. DE VERDUN,94200,IVRY-SUR-SEINE
Mokaf¨¦e,Samedi,125 BD PAUL VAILLANT-COUTURIER,94200,IVRY-SUR-SEINE
L'Escale,Dimanche,14 AV. DE VERDUN,94200,IVRY-SUR-SEINE
Librairie du Parc,Dimanche,13 AV. DE LA DIVISION LECLERC,94230,CACHAN
Tabac Presse Fee,Dimanche,81 AV. DU G?N. DE GAULLE,94240,L'HA?-LES-ROSES
Tabac - Presse,Dimanche,9 PL. DE L'?GLISE,94260,FRESNES
Le Royal,Dimanche,140 R. DE LA JARRY,94300,VINCENNES
Les Tilleuls,Dimanche,148 AV. MAR. DE LATTRE DE TASSIGNY,94320,THIAIS
Le Tabariot,Dimanche,2 R. AUDIGEOIS,94400,VITRY-SUR-SEINE
LE GITANE,,110 AV. DU COLONEL FABIEN,94400,VITRY-SUR-SEINE
Caf¨¦ du Centre,Dimanche,264 R. DU MAR. LECLERC,94410,SAINT-MAURICE
A l'Hirondelle,Dimanche,9 RTE DE LA LIB?RATION,94430,CHENNEVI?RES-SUR-MARNE
Tabac Du Bois L'Abb,Dimanche,2 PL. RODIN,94500,CHAMPIGNY-SUR-MARNE
Le Prestige,Lundi,182 AV. MAURICE THOREZ,94500,CHAMPIGNY-SUR-MARNE
Tabac de la Mairie,Dimanche,4 R. LOUIS TALAMONI,94500,CHAMPIGNY-SUR-MARNE
Le Condorcet,Mercredi,230 AV. DE LA R?PUBLIQUE,94700,MAISONS-ALFORT
Tabac Aline,Dimanche,1 R. CAMILLE BLANC,94800,VILLEJUIF
Le Bergerac,Lundi,9 R. VEROLLOT,94800,VILLEJUIF
Le Royal,Dimanche,36 R. MARCEL GROSMENIL,94800,VILLEJUIF
H?tel des Pavillons,Lundi,121 BD DU G?N?RAL DELAMBRE,95100,ARGENTEUIL
les Jardinsde la Gar,Dimanche,155 AV. MAURICE UTRILLO,95100,ARGENTEUIL
Les Volutes,Dimanche,14 R.DE TOULOUSE  C.C LES FLANADE,95200,SARCELLES
le Saint-Sauveur,Dimanche,15 R. ERIC DE SAINT-SAUVEUR,95200,SARCELLES
Caf¨¦ de la Gare,Dimanche,5 AV. PIERRE S?MARD,95400,ARNOUVILLE
La Carotte la Plume,Dimanche,1 AV. GEORGES POMPIDOU,95500,GONESSE
le Victor Hugo,,29 R. VICTOR HUGO,95870,BEZONS
